Variable:,pr
,"United States",Alabama,Alaska,Arizona,Arkansas,California,Colorado,Connecticut,Delaware,"District of Columbia",Florida,Georgia,Hawaii,Idaho,Illinois,Indiana,Iowa,Kansas,Kentucky,Louisiana,Maine,Maryland,Massachusetts,Michigan,Minnesota,Mississippi,Missouri,Montana,Nebraska,Nevada,"New Hampshire","New Jersey","New Mexico","New York","North Carolina","North Dakota",Ohio,Oklahoma,Oregon,Pennsylvania,"Rhode Island","South Carolina","South Dakota",Tennessee,Texas,Utah,Vermont,Virginia,Washington,"West Virginia",Wisconsin,Wyoming
1901,632.77,1384.46,438.15,214.09,876.11,557.73,361.58,1424.90,1145.67,1167.48,1524.16,1415.93,1949.14,431.00,647.74,758.31,624.61,524.27,934.81,1221.81,1241.40,1159.98,1337.56,722.89,633.17,1243.90,633.30,369.64,551.49,253.03,1207.71,1288.66,322.49,1096.04,1489.17,456.51,844.88,556.68,633.49,1126.60,1385.43,1379.41,498.42,1146.84,458.89,275.55,1090.25,1272.14,962.33,1204.39,660.53,342.99
1902,694.42,1282.48,439.00,204.91,1319.22,614.28,365.83,1322.01,1281.74,1260.03,1348.54,1290.14,2648.28,444.39,1044.96,998.39,1077.06,807.85,1122.34,1183.16,1227.06,1259.25,1199.00,802.25,690.26,1250.36,1126.88,370.92,676.70,184.14,1263.12,1404.59,268.87,1089.88,1118.32,456.96,964.02,956.50,761.98,1142.37,1181.57,1170.64,450.74,1230.61,668.87,242.65,1201.56,1089.65,1159.06,1121.08,806.00,270.04
1903,661.39,1272.60,415.69,197.38,1096.21,503.50,354.56,1303.55,1200.17,1154.89,1491.60,1340.69,1953.60,434.78,879.89,930.24,860.16,735.29,1052.15,1279.59,1016.71,1177.10,1158.46,820.54,774.59,1161.10,1012.63,369.65,610.70,191.40,1058.19,1377.58,266.71,1103.90,1245.19,459.79,912.45,720.27,613.18,1142.17,1202.69,1282.49,481.59,1197.13,627.29,262.39,1006.09,1121.76,1013.58,1089.87,892.89,319.43
1904,627.57,1010.58,402.31,216.57,1041.74,701.05,377.94,1078.13,991.07,959.79,1200.25,928.87,2354.14,448.64,935.00,946.86,725.02,731.31,921.04,1103.06,1067.73,953.01,1076.11,724.90,635.31,1047.71,1034.03,273.75,554.64,270.12,1024.14,1085.36,323.37,987.93,1101.73,427.11,904.31,731.77,781.70,998.38,1088.74,1010.39,395.89,1000.08,615.44,295.09,955.35,909.98,1031.75,850.35,762.50,328.99
1905,733.08,1443.03,430.50,489.95,1498.87,529.42,456.82,958.67,1077.37,1165.11,1480.69,1258.83,1876.58,387.39,924.10,1052.92,908.91,754.31,1210.25,1885.58,927.32,1132.46,983.43,850.93,819.24,1587.79,1136.92,353.12,756.19,218.60,1030.01,1064.53,440.30,1029.31,1312.06,479.87,999.87,994.11,519.09,1057.52,950.03,1156.02,578.65,1310.41,828.12,349.08,1027.09,1122.70,899.37,1144.67,859.24,372.88
1906,734.07,1399.08,423.03,364.39,1380.14,836.31,486.37,1072.16,1288.54,1263.78,1404.35,1360.81,1890.50,539.58,941.42,1004.52,808.06,692.09,1254.16,1243.27,1113.31,1250.11,1094.95,788.23,766.07,1364.78,988.27,453.38,641.84,321.09,1071.97,1202.02,383.97,976.17,1375.96,515.01,926.06,911.08,693.98,1045.38,1088.60,1362.06,582.51,1359.54,695.52,453.15,1009.33,1214.26,1073.28,1170.70,852.91,400.83
1907,694.54,1427.36,440.30,342.12,1210.02,676.80,396.26,1135.61,1262.01,1173.84,1268.92,1225.54,2265.06,525.29,1030.62,1111.13,802.49,642.53,1244.18,1372.76,1167.16,1225.57,1126.42,765.96,582.26,1342.23,1013.32,406.49,483.85,292.76,1141.84,1285.00,372.96,976.79,1224.61,357.26,1071.38,828.73,765.86,1102.71,1131.47,1191.97,423.18,1225.40,662.51,384.78,1088.20,1143.79,936.05,1325.27,731.66,355.53
1908,677.81,1285.51,413.96,345.76,1261.94,459.32,409.99,945.31,1018.27,1025.22,1267.78,1229.48,1664.98,424.07,889.73,866.41,874.30,783.90,1062.48,1411.10,964.23,1001.58,929.08,753.56,713.00,1347.39,1062.44,438.70,640.32,235.48,892.31,1085.57,311.62,862.10,1419.42,470.90,867.43,1149.54,512.62,970.07,1001.71,1341.16,563.35,1165.57,679.98,392.20,854.80,1172.95,904.16,1069.94,747.13,399.57
1909,700.21,1480.78,406.86,315.03,1111.98,871.01,462.31,1081.65,1005.39,927.03,1310.20,1215.09,1871.78,555.31,1098.86,1182.99,982.83,745.14,1290.06,1339.16,1179.42,956.26,1070.41,823.85,715.26,1459.89,1130.87,446.62,608.81,316.07,1013.58,1046.40,293.37,933.77,1156.59,464.74,1076.44,660.09,753.67,942.86,1104.91,1133.41,503.21,1324.37,497.89,449.79,1004.14,971.25,1023.56,1095.95,783.45,377.37
1910,575.31,1176.44,415.40,229.10,1099.30,383.03,315.68,1017.01,1065.70,955.03,1293.20,1133.54,2082.41,433.07,801.23,934.89,516.89,481.21,1196.52,1228.76,926.12,986.52,934.76,650.86,393.50,1168.30,928.55,343.31,415.75,193.49,945.02,993.51,228.39,970.48,1210.85,319.29,934.59,505.79,607.49,962.61,936.22,1153.50,337.81,1141.49,437.90,288.78,1013.65,1048.57,1024.45,1034.79,525.13,254.77
1911,668.55,1382.10,415.40,350.40,1215.33,612.90,411.46,1125.43,1159.11,1018.17,1236.39,1204.20,2220.02,447.08,971.29,1009.59,789.12,594.69,1182.33,1505.78,966.31,1114.07,1018.11,868.67,704.72,1477.58,935.74,419.97,514.57,227.51,993.34,1272.42,429.13,945.14,1055.08,466.13,1078.81,753.60,523.23,1128.88,1053.87,1036.50,425.87,1326.07,616.79,325.50,951.04,1043.41,798.64,1203.79,898.50,292.17
1912,702.29,1714.89,462.09,289.73,1167.81,486.47,426.02,1116.66,1125.22,1104.17,1657.37,1635.79,1512.25,542.98,896.30,1025.74,726.41,646.42,1228.54,1563.72,1177.42,1114.01,1053.82,807.24,568.38,1642.66,939.94,431.52,527.05,224.67,1109.92,1209.44,317.85,995.07,1201.15,511.03,967.92,738.84,777.69,1111.49,1103.75,1379.36,430.33,1373.58,570.58,361.99,1125.38,1075.96,1057.17,1133.61,801.47,408.30
1913,674.43,1354.17,421.40,254.66,1273.46,562.68,380.63,1181.76,1016.96,961.47,1245.34,1173.06,1870.29,502.31,883.57,1056.32,753.33,581.37,1162.71,1522.64,1061.46,1013.32,1068.15,730.33,659.63,1451.10,922.67,381.91,504.41,306.47,1008.37,1173.23,344.03,992.95,1278.41,363.51,1048.45,830.83,647.28,1099.31,1127.92,1231.55,416.98,1195.16,745.09,335.85,986.03,1088.26,887.22,1263.34,798.00,337.34
1914,660.70,1172.01,425.40,365.13,1047.13,663.47,463.42,993.22,932.51,882.79,1302.52,1187.94,2719.30,418.52,724.35,800.23,804.61,565.20,1055.60,1281.47,932.20,919.46,967.24,766.23,687.82,1187.70,872.89,382.63,512.68,252.65,927.71,1004.78,448.47,925.59,1146.16,483.09,903.95,691.80,610.64,971.06,980.51,1112.62,511.47,1109.11,801.06,341.95,896.90,934.43,927.92,1027.45,818.81,284.51
1915,739.74,1375.36,442.20,356.57,1295.81,668.46,481.89,1173.32,1093.15,1074.29,1430.39,1265.89,1967.33,476.37,1038.38,1043.21,1000.34,980.39,1283.72,1330.25,1026.10,1110.89,1126.37,777.49,693.93,1369.25,1220.25,487.80,817.84,242.17,1057.48,1198.07,386.26,1035.16,1207.06,502.34,1029.11,1126.49,652.97,1101.52,1083.20,1243.63,658.79,1332.00,683.77,345.46,983.76,1027.61,998.27,1121.63,829.40,455.92
1916,669.39,1257.08,455.97,354.26,1019.61,687.01,414.09,1046.94,1018.25,1005.16,1196.31,1075.07,2478.54,505.01,904.00,988.91,735.80,568.30,1169.68,1246.03,1116.71,1032.27,1098.73,868.32,700.78,1257.10,944.19,484.00,470.89,275.23,1126.06,955.44,358.97,976.66,1133.85,512.06,959.16,714.16,716.03,1039.13,1114.85,1060.54,483.79,1244.78,542.65,379.70,1012.82,1004.06,1023.69,1161.90,857.11,308.12
1917,584.82,1340.96,435.78,249.36,985.92,356.06,345.22,969.15,1155.89,1008.83,1136.14,1163.38,1781.91,434.31,803.36,919.87,700.03,494.49,1155.47,1002.00,1191.51,1073.04,1044.30,706.28,508.14,1147.38,806.74,348.52,509.56,199.72,1050.35,1057.45,209.75,997.96,1255.78,278.71,944.37,578.72,602.98,1008.70,1047.89,1060.98,395.65,1277.56,368.21,279.31,1018.15,1049.74,946.70,1111.38,697.13,313.33
1918,667.46,1388.76,459.00,321.53,1095.57,537.16,447.49,996.99,950.10,1015.83,1305.03,1230.46,2968.60,412.18,960.14,1003.19,821.28,692.94,1057.18,1307.82,1172.41,1005.45,1014.11,780.04,605.16,1246.78,953.54,363.63,555.67,296.15,1087.74,962.37,342.10,1009.56,1203.75,389.60,922.40,849.68,534.40,1016.62,991.68,1146.95,494.81,1202.54,607.91,345.11,1135.52,1113.24,914.03,1188.56,738.37,390.66
1919,720.81,1653.20,435.39,386.81,1353.79,463.45,436.50,1260.45,1342.49,1192.29,1496.28,1356.82,1263.84,381.08,930.26,954.44,924.89,658.37,1297.36,1746.25,1011.37,1231.63,1187.33,780.01,695.99,1735.69,1011.85,278.10,591.24,201.94,1056.10,1357.24,451.08,988.09,1165.71,394.10,1021.67,855.60,668.99,1121.28,1264.82,1135.85,491.35,1397.05,966.47,288.23,1017.34,1102.56,958.44,1237.51,827.85,273.98
1920,703.97,1627.17,409.41,295.50,1344.59,570.47,416.57,1351.68,1236.47,1189.15,1440.15,1492.22,1700.67,446.01,818.19,913.17,785.59,680.91,1195.53,1557.22,1248.23,1194.13,1330.27,759.57,635.07,1561.74,966.75,375.03,603.49,254.42,1333.73,1272.75,327.07,1008.12,1375.05,390.24,955.88,916.70,648.40,1040.24,1329.42,1299.11,567.29,1413.07,713.59,382.19,1231.75,1179.38,991.82,1138.94,745.85,349.73
1921,655.43,1175.12,424.40,338.90,1198.64,570.01,447.97,1067.74,870.78,926.49,1156.66,1059.81,2033.64,471.31,1024.41,1149.26,818.96,592.07,1254.82,1227.38,887.89,948.89,1087.92,826.33,587.40,1233.78,1093.94,367.93,494.80,249.85,998.77,978.99,365.29,896.84,1068.47,463.23,1092.90,736.24,663.75,1035.30,1079.74,1070.92,461.07,1266.10,570.88,371.88,919.62,916.21,1095.94,1162.09,762.79,330.48
1922,686.77,1497.38,454.03,287.86,1145.30,627.97,360.80,1101.86,1052.01,1133.79,1462.67,1395.36,1915.79,412.10,865.73,973.61,766.26,683.58,1194.15,1646.24,1020.35,1053.29,1181.75,825.71,596.16,1486.11,978.49,391.03,498.16,299.14,1157.48,1011.95,236.55,972.35,1448.27,481.81,952.58,836.27,587.47,901.41,1172.97,1449.78,479.17,1365.59,664.60,357.53,1066.54,1152.38,782.69,1087.62,774.68,346.36
1923,720.53,1557.46,443.88,359.05,1527.22,341.04,514.64,1150.63,1054.35,1009.92,1277.90,1309.08,2704.21,492.64,943.72,1069.72,757.12,792.46,1334.53,1798.19,1033.83,1040.45,1102.43,746.93,536.71,1750.17,1042.55,447.65,673.37,252.32,1068.51,1039.92,433.27,873.89,1109.84,459.70,1003.51,1102.46,590.13,952.08,1165.24,1157.36,524.91,1453.25,849.49,344.83,990.46,1013.33,911.94,1188.69,650.05,459.13
1924,619.78,1214.08,459.18,194.85,937.38,402.66,332.42,964.52,1202.33,1210.06,1467.75,1303.46,1930.85,325.46,904.80,946.60,787.58,602.60,1099.82,914.03,949.17,1211.53,962.64,749.68,629.39,1020.23,1010.24,361.24,506.19,164.82,1004.74,1126.88,237.62,944.34,1386.82,441.25,971.36,696.65,514.13,1067.33,968.92,1433.39,445.50,1179.34,506.15,262.44,991.48,1199.63,843.60,1185.62,804.53,316.75
1925,624.71,1137.50,474.23,280.03,1022.36,497.83,400.20,1055.22,864.64,853.06,1320.74,1000.75,1699.94,490.31,820.67,882.56,719.57,603.19,1034.54,1283.92,1128.55,886.90,1110.62,650.55,591.93,1210.77,969.73,407.71,500.54,305.54,1141.25,1025.16,314.45,1035.04,974.22,404.19,884.17,718.15,578.74,966.35,1081.08,905.67,386.29,1027.05,565.96,335.24,1144.17,842.97,799.06,1006.15,689.85,375.01
1926,703.36,1505.36,449.50,336.15,1202.43,611.53,392.00,1061.28,1105.40,1043.78,1521.77,1274.28,1372.76,433.83,1063.39,1075.00,801.62,623.06,1267.28,1618.79,1062.06,1091.35,1037.69,848.35,616.51,1431.04,1065.12,352.26,514.36,198.91,1017.62,1152.53,407.10,999.46,1079.60,396.64,1111.69,977.97,649.37,1068.78,1068.66,1061.96,428.52,1357.83,805.66,291.24,1027.70,1061.19,865.64,1262.41,862.63,349.34
1927,720.16,1217.46,407.94,344.86,1536.63,644.84,480.16,1282.45,1023.15,939.61,1093.52,1049.25,2310.17,543.39,1247.10,1247.14,769.89,779.97,1403.10,1469.58,1185.06,1027.86,1205.34,796.78,639.66,1389.25,1365.14,512.71,590.93,254.16,1158.94,1233.63,319.64,1103.19,1163.13,554.43,1112.43,961.60,725.24,1155.63,1183.14,1059.88,563.40,1397.26,598.57,402.26,1138.78,1055.43,1034.81,1253.01,774.70,431.26
1928,683.03,1388.29,504.57,228.94,1220.16,429.95,420.58,1081.34,1166.46,1049.97,1543.44,1456.62,1707.51,340.55,932.70,920.17,903.91,802.56,1165.84,1382.34,1114.41,1118.75,1065.21,837.85,657.79,1286.17,1097.51,347.56,548.91,152.53,1063.30,1163.37,343.71,965.87,1377.99,436.47,904.76,903.62,526.05,1063.34,1039.49,1452.35,427.37,1293.48,671.39,263.84,1010.95,1058.36,771.18,1108.70,834.66,339.08
1929,702.43,1810.58,503.90,250.70,1176.43,336.08,432.33,1110.58,1051.06,995.69,1556.94,1683.25,2249.67,356.18,1044.68,1179.14,771.13,699.03,1276.14,1538.42,1006.77,1076.42,1060.59,817.63,520.23,1530.27,1149.82,347.35,570.55,161.01,1046.60,1074.52,369.18,1058.40,1557.09,381.57,1165.42,879.92,468.67,1140.39,1105.16,1598.55,494.58,1460.67,679.13,313.99,1062.56,1170.65,605.58,1196.87,691.87,362.13
1930,608.31,1172.61,514.83,320.89,1070.90,433.57,406.49,877.28,700.29,528.06,1545.44,1187.05,2315.01,422.42,691.10,748.06,661.41,664.78,752.82,1282.03,974.67,605.49,861.16,594.75,557.39,1167.62,779.72,324.76,631.63,274.30,919.48,878.09,329.89,800.20,924.84,386.01,684.48,769.52,453.94,729.03,838.38,1040.14,451.28,984.18,665.15,360.91,909.60,626.81,647.98,643.05,645.38,358.77
1931,639.82,1130.57,462.75,391.35,1166.88,613.28,342.32,1025.95,1027.99,942.78,1124.33,939.57,1710.38,363.80,950.91,972.86,863.69,647.68,1055.86,1288.53,1083.03,991.19,1106.98,762.31,581.57,1298.79,1021.00,270.87,472.59,234.55,1083.69,952.91,419.95,934.67,1089.55,402.56,946.65,790.28,592.12,957.26,1067.60,890.64,353.46,1086.66,653.54,247.50,1055.44,965.95,982.66,1050.87,749.03,279.21
1932,699.29,1605.50,465.15,302.35,1291.34,383.15,346.98,1199.17,1186.23,1229.92,1376.78,1407.16,1934.20,473.01,914.25,1088.76,805.97,588.31,1296.56,1565.32,1083.24,1191.17,1158.73,817.80,582.61,1670.28,937.88,416.24,507.81,242.45,1088.42,1157.46,383.06,1058.26,1279.14,445.99,947.22,819.43,612.67,1002.86,1249.46,1351.43,447.29,1468.96,788.90,318.68,1084.69,1127.31,1062.06,1139.61,653.31,330.05
1933,625.30,1201.52,392.67,277.11,1222.98,481.67,370.41,1200.76,1221.33,1170.45,1430.11,1074.04,1496.07,422.65,894.93,1016.95,622.63,539.31,1266.14,1340.63,1137.83,1216.33,1199.58,743.24,527.57,1285.38,922.21,385.58,491.48,191.31,1188.80,1275.87,320.99,926.02,962.34,354.38,966.86,756.20,625.88,1097.73,1210.07,949.13,365.46,1266.34,564.88,253.41,1048.00,988.92,1145.36,1217.54,666.38,301.00
1934,599.63,1408.74,428.87,238.64,1065.87,472.17,285.54,1205.70,1213.15,1103.16,1379.85,1191.72,1952.60,377.78,835.08,755.25,683.30,489.41,958.94,1454.03,1060.33,1158.42,1102.76,662.78,522.03,1360.98,866.62,284.89,360.94,213.18,1081.35,1132.72,231.27,862.11,1301.72,253.73,678.91,686.77,603.12,957.13,1068.51,1133.95,305.73,1154.03,554.13,228.09,972.36,1133.29,984.77,995.22,745.90,256.37
1935,682.74,1239.27,461.12,330.34,1375.49,566.58,384.64,917.45,1292.65,1173.17,1375.15,1129.97,1964.75,308.80,1056.50,991.55,834.75,673.48,1386.94,1393.23,1017.39,1209.57,975.28,712.94,666.34,1299.90,1182.99,291.87,543.63,235.44,1059.72,1085.63,367.18,942.12,1158.32,472.63,1026.68,933.05,463.83,1008.79,983.57,1103.11,429.81,1266.03,822.98,264.89,1033.50,1184.26,745.86,1319.12,774.81,304.62
1936,637.04,1430.17,472.87,320.50,852.79,647.12,385.23,1309.82,1199.21,1026.28,1482.08,1445.48,2422.91,417.70,757.90,850.80,645.13,460.91,979.74,1101.07,1294.89,1110.41,1302.90,691.28,478.11,1120.82,736.70,287.96,357.43,297.35,1295.75,1205.00,322.44,998.85,1506.89,232.97,869.87,567.19,538.47,1064.74,1336.12,1426.58,278.81,1189.30,647.28,389.09,1225.19,1119.23,859.62,1095.89,631.01,326.74
1937,688.91,1454.96,422.54,276.86,1258.96,719.42,366.17,1305.96,1287.70,1394.61,1514.28,1348.77,2617.22,484.06,909.50,1063.52,696.45,509.27,1129.61,1398.19,1146.67,1334.74,1231.66,769.72,658.06,1365.11,923.58,335.53,434.82,255.26,1271.88,1198.13,327.11,1092.77,1283.37,455.38,1054.08,724.56,805.24,1176.70,1198.21,1277.80,413.12,1306.38,602.27,343.92,1179.71,1308.49,1157.57,1222.53,686.08,365.32
1938,684.21,1202.49,468.97,276.34,1211.49,738.21,465.55,1363.37,1207.21,919.45,1139.61,1049.19,2356.00,470.96,1028.05,1021.89,929.45,660.06,1129.44,1275.68,1213.59,1041.67,1334.78,830.89,685.18,1223.79,1039.17,421.17,557.29,310.60,1285.68,1268.97,342.61,1030.07,1186.89,413.87,985.83,828.30,625.07,1004.94,1304.96,1028.53,439.19,1219.50,594.51,347.50,1189.18,1038.42,793.34,1097.06,1006.58,368.34
1939,618.99,1428.80,479.66,252.96,1227.66,412.72,281.98,1063.57,1221.35,1062.14,1359.89,1244.72,2318.93,312.70,900.79,981.21,624.56,503.47,1187.70,1272.73,1022.60,1113.48,988.60,760.81,538.79,1391.70,939.85,326.79,412.54,229.28,1016.22,1107.38,305.35,862.72,1256.85,375.08,952.80,664.21,477.33,951.97,1060.09,1168.15,390.84,1263.55,552.73,260.08,1012.69,1047.15,819.65,1085.50,644.70,259.79
1940,695.69,1401.32,440.22,369.43,1161.33,864.07,418.39,1167.66,1074.44,1065.38,1339.91,1178.18,1884.64,546.32,741.37,838.66,760.29,621.73,1032.37,1742.55,1097.42,1094.24,1123.94,830.79,649.00,1495.00,833.61,388.77,440.06,299.93,1142.31,1169.31,349.01,1009.46,1064.71,454.19,971.64,865.25,725.90,1094.42,1141.65,1058.36,385.07,1096.32,749.63,354.94,1093.69,1105.50,986.57,1138.33,807.83,350.15
1941,740.46,1168.21,418.97,471.04,1159.91,943.35,568.20,905.51,876.60,820.42,1490.05,1085.10,1871.62,532.16,981.80,825.99,908.96,884.33,899.84,1493.52,865.39,856.32,829.01,796.72,745.91,1173.68,1086.22,455.37,620.98,391.44,837.69,923.68,598.37,796.60,983.43,577.82,799.27,1132.07,720.76,844.66,854.54,1134.68,537.99,911.10,983.98,488.04,841.87,793.56,932.56,920.95,833.45,456.40
1942,720.07,1348.66,450.36,203.07,1240.61,572.01,429.50,1254.91,1126.54,1267.87,1417.23,1329.11,2052.51,497.63,1034.76,1050.28,820.50,823.04,1260.18,1427.56,1069.83,1214.22,1190.47,876.41,706.38,1239.71,1151.98,430.92,635.56,226.92,1156.24,1254.90,349.56,1094.43,1305.30,487.79,1001.41,987.17,761.53,1211.19,1176.70,1216.61,587.86,1274.18,738.87,248.22,1093.16,1200.68,902.89,1227.34,889.82,377.30
1943,627.55,1241.03,476.93,272.42,882.62,600.43,364.97,941.28,913.43,858.46,1300.47,1157.73,1871.74,406.98,884.42,933.61,795.88,570.86,991.98,1220.66,1118.63,894.20,940.24,789.33,685.66,1086.83,957.80,385.00,431.45,278.45,1116.39,970.92,285.91,985.45,1085.75,470.50,893.98,681.83,592.92,946.01,846.78,1107.98,427.31,1038.35,534.87,305.69,1107.79,894.13,766.45,1020.76,745.33,324.23
1944,707.14,1527.68,468.59,284.74,1350.55,598.01,402.51,1055.62,1117.67,1067.90,1398.98,1356.00,1808.78,405.00,871.54,857.92,935.08,861.85,1072.81,1522.70,1027.09,1088.24,1031.51,712.64,761.95,1538.39,999.39,396.96,672.61,246.63,1064.86,1156.94,336.67,934.81,1322.61,500.84,846.43,935.49,494.48,1016.36,1013.19,1249.64,575.11,1349.20,785.68,314.12,1008.22,1132.17,682.98,1140.33,751.30,403.42
1945,756.16,1469.28,489.05,246.48,1581.49,680.31,424.20,1251.04,1299.01,1205.54,1434.85,1327.63,1839.49,523.58,1158.04,1235.81,878.54,731.56,1343.58,1545.24,1242.21,1246.50,1263.20,881.10,689.05,1520.08,1269.65,368.15,584.79,321.65,1333.37,1314.32,240.90,1245.80,1356.02,392.84,1119.83,1021.76,757.68,1245.80,1152.12,1338.54,426.70,1476.50,701.92,368.65,1341.38,1174.94,1057.42,1255.64,859.41,419.71
1946,708.57,1633.77,444.35,314.02,1473.92,453.29,418.20,967.89,951.92,945.80,1430.13,1275.23,2084.64,489.06,989.86,926.27,874.92,676.07,1179.57,1767.70,1000.69,946.53,1005.42,692.51,699.14,1662.54,1062.80,421.05,596.98,290.10,1074.64,983.22,321.53,946.84,1226.52,450.81,891.03,914.34,629.57,977.39,970.47,1141.92,590.44,1376.69,788.01,355.94,1068.94,989.75,983.99,952.76,735.04,387.18
1947,675.61,1577.04,449.13,218.90,1069.39,332.89,453.41,1109.58,1024.53,1015.17,1852.27,1540.89,1789.87,438.52,951.45,1015.70,826.89,660.81,1075.27,1512.52,1018.77,999.19,1056.71,814.06,625.71,1495.68,974.89,395.90,579.61,180.28,1076.51,1137.99,266.41,1086.99,1312.26,479.71,1026.63,787.00,621.52,1024.73,1020.23,1447.97,437.82,1128.89,586.52,368.55,1116.10,1011.23,953.91,965.37,734.97,417.67
1948,698.51,1645.80,471.19,232.36,1246.54,501.78,405.81,1155.72,1460.29,1408.01,1543.27,1560.91,2381.73,511.45,935.78,1077.98,702.68,711.25,1317.78,1323.39,1001.77,1403.23,1125.36,701.94,575.55,1597.43,983.71,424.17,540.08,194.48,1045.87,1324.44,291.34,1026.72,1375.00,444.14,1067.06,780.86,783.83,1153.63,1165.23,1515.27,466.89,1458.50,504.95,298.10,1048.33,1329.67,1196.93,1315.34,611.59,332.70
1949,694.81,1464.45,486.09,311.78,1390.34,391.07,434.72,944.06,1042.19,1029.82,1397.28,1251.07,1683.37,378.45,1031.70,1112.14,720.06,787.38,1304.02,1498.60,935.68,1032.07,885.05,810.53,669.24,1546.50,1187.59,320.77,604.29,213.30,938.76,1029.59,380.41,908.39,1285.68,413.99,938.85,953.48,479.79,962.45,861.50,1173.70,422.98,1429.55,788.70,347.97,939.30,1101.30,864.60,1130.97,692.69,359.19
1950,684.08,1355.80,393.73,168.96,1422.50,639.01,323.66,1059.34,990.72,1101.27,1237.76,1107.61,2402.46,521.46,1024.90,1260.06,725.64,644.56,1467.18,1481.20,1164.64,1092.05,1022.81,877.53,661.91,1529.92,975.51,410.25,548.38,243.55,1054.19,1095.98,262.03,1069.48,1099.33,480.61,1135.64,826.49,803.94,1184.60,968.70,1045.58,438.05,1513.89,595.60,236.31,1035.92,1050.54,1207.54,1257.51,749.40,340.94
1951,710.94,1362.53,443.55,345.26,1294.66,610.90,415.74,1226.88,1096.25,1043.68,1272.48,1117.17,2177.32,503.24,1077.01,1080.04,1056.95,980.55,1341.68,1230.68,1292.18,1088.94,1222.64,938.83,778.86,1399.89,1236.04,430.27,738.71,258.24,1298.07,1213.88,254.83,1104.67,1042.32,434.79,1025.24,858.22,713.63,1095.11,1094.98,983.65,528.93,1460.77,519.69,347.51,1179.63,1030.23,1023.40,1168.11,945.66,346.05
1952,620.42,1176.78,459.99,335.68,1014.81,751.77,353.39,1197.98,1319.38,1260.20,1305.69,1148.18,1787.05,363.98,833.61,957.99,748.77,499.77,1033.88,1204.14,1024.05,1302.69,1078.52,727.74,572.51,1017.42,808.55,283.03,486.22,287.47,1125.17,1384.20,288.36,995.26,1207.67,304.59,880.47,617.42,543.62,1163.12,1038.94,1172.21,333.37,1071.22,557.72,302.13,1074.14,1127.41,648.42,1050.32,711.23,285.63
1953,645.33,1523.48,420.52,196.04,1092.28,424.09,380.83,1382.48,1184.59,1077.62,1697.31,1475.98,1306.54,448.80,693.22,782.47,640.87,543.17,922.54,1573.76,1154.41,1127.55,1360.94,740.18,771.15,1451.03,637.89,409.72,501.07,164.68,1198.90,1237.04,245.00,968.57,1123.53,518.52,715.05,780.14,817.79,1007.46,1421.10,1189.77,530.59,1147.56,580.68,270.28,1057.35,936.05,1150.42,915.54,748.68,297.77
1954,605.02,893.41,444.45,287.69,961.27,601.11,316.72,1258.56,945.29,803.65,1152.11,805.50,2022.67,401.50,886.15,918.61,861.29,496.24,1031.74,1037.16,1487.05,905.91,1317.23,868.71,619.91,1025.65,868.54,369.37,471.43,217.33,1433.93,1022.06,269.18,1101.53,1043.80,455.63,915.94,592.09,608.31,1005.80,1288.85,817.63,414.20,1165.78,433.52,277.61,1335.13,999.01,999.34,1145.59,872.78,253.20
1955,642.67,1252.32,494.60,261.11,1066.91,563.52,351.73,1218.69,1021.27,1021.84,1113.88,1035.88,1980.82,507.86,875.27,1032.48,575.09,549.57,1173.26,1412.25,960.98,1038.69,1173.26,711.68,637.18,1280.42,833.20,406.86,422.90,235.87,1062.28,1025.17,272.82,992.03,1177.78,450.42,922.67,748.60,723.94,999.87,1163.82,1074.14,387.20,1255.41,555.95,277.44,1037.77,1007.72,1103.81,1008.74,702.08,344.94
1956,590.89,1336.42,442.64,146.38,1038.96,456.37,307.60,1125.55,1186.81,1056.32,1103.29,1152.09,2324.77,421.35,766.24,900.87,619.24,404.29,1238.10,1224.45,1004.32,1136.79,1147.43,717.80,601.48,1280.77,752.07,325.08,390.30,211.80,1103.10,1159.42,170.31,1002.90,1195.24,435.05,1016.35,530.19,699.47,1197.38,1121.60,1070.72,404.12,1263.81,381.32,206.12,996.05,1066.46,978.91,1271.94,699.41,262.57
1957,754.98,1488.60,399.39,363.77,1736.90,614.86,556.00,910.26,981.50,979.01,1579.79,1371.92,2010.27,476.31,1132.13,1228.26,798.57,847.51,1407.68,1662.11,939.39,990.79,857.02,817.12,717.62,1596.50,1172.76,401.79,668.13,269.58,936.93,911.76,407.78,870.77,1358.82,455.61,1012.26,1189.86,704.83,919.57,822.27,1263.99,545.62,1638.88,875.20,424.23,961.68,1126.70,899.45,1061.95,706.46,403.78
1958,686.25,1269.65,427.15,325.25,1332.28,722.86,385.01,1299.99,1408.36,1215.75,1481.07,1172.04,1981.86,474.48,879.70,1001.38,651.90,787.59,1112.07,1363.40,1180.41,1265.05,1254.31,654.72,515.64,1390.85,1053.68,387.70,562.89,251.69,1164.45,1342.48,403.64,1048.21,1276.23,344.24,971.29,831.38,712.29,1090.09,1336.54,1231.95,358.97,1122.76,747.23,236.74,1088.34,1137.16,1052.10,1145.22,598.73,314.36
1959,698.43,1439.15,441.53,314.83,1170.15,393.57,412.89,1210.75,1067.07,975.51,1807.40,1422.60,1900.72,440.93,969.70,1055.19,957.86,713.69,1115.61,1493.52,1172.69,1027.68,1200.42,918.28,668.18,1388.85,959.52,375.42,590.96,165.67,1212.30,1063.30,334.30,1047.27,1375.45,414.80,1008.43,968.30,531.39,1063.11,1153.76,1536.25,419.54,1271.31,738.49,273.86,1143.44,1047.91,1058.54,1008.11,909.28,313.10
1960,666.97,1300.33,479.55,241.15,1148.77,543.88,354.75,1200.32,1183.23,1111.08,1588.22,1212.69,1777.14,418.83,876.03,854.22,835.37,686.19,1011.99,1222.46,1143.26,1148.81,1180.84,813.72,619.86,1225.93,880.64,279.15,561.58,215.97,1177.48,1154.48,359.30,922.80,1272.09,374.93,769.38,896.36,681.94,1004.30,1118.70,1233.71,444.73,1105.48,773.35,258.80,1042.40,1033.51,958.18,976.39,839.73,256.00
1961,721.10,1739.51,501.19,271.56,1387.56,420.96,448.75,1138.61,1118.67,1035.05,1158.80,1359.41,1941.51,442.01,1087.04,1082.07,932.88,867.63,1280.27,1835.23,1099.69,1082.83,1109.13,783.89,583.17,1825.45,1198.13,335.51,558.90,216.46,1036.52,1098.16,352.21,964.71,1272.36,328.66,1013.33,941.65,706.23,1037.08,1150.20,1315.52,397.13,1372.89,715.58,318.76,960.50,1175.11,1092.17,1210.71,802.60,313.36
1962,658.11,1292.87,444.21,228.42,1128.44,567.66,342.53,1043.36,985.76,957.14,1272.74,1238.75,1375.00,432.97,846.38,902.09,791.17,674.31,1211.39,1127.47,1096.28,1000.19,1089.15,680.62,725.90,1184.66,872.83,425.62,653.97,235.73,1144.55,1056.97,314.68,910.05,1332.02,537.01,843.98,807.20,630.27,947.50,1102.43,1243.99,603.40,1373.73,595.92,275.78,1046.70,1118.91,917.99,1118.59,705.99,360.26
1963,611.54,1260.35,503.66,286.85,803.31,644.18,342.47,932.92,943.44,909.45,1371.72,1295.74,2335.46,515.56,714.55,726.70,688.60,526.85,866.17,1056.63,1094.14,927.69,939.76,618.60,608.49,1025.26,713.26,382.04,523.75,334.44,946.67,894.73,289.04,825.40,1119.73,459.58,678.83,559.51,651.87,817.40,959.68,1152.31,493.05,1066.09,472.24,316.10,885.01,849.31,904.53,920.16,587.44,362.21
1964,685.37,1670.50,423.88,263.82,1151.18,551.01,338.03,881.71,950.30,871.92,1631.20,1767.49,2090.99,555.45,817.40,910.51,788.79,626.75,1181.69,1438.38,935.79,930.94,878.35,757.30,692.91,1552.47,933.87,455.42,502.55,267.68,921.90,917.19,255.28,775.12,1463.01,476.70,938.44,802.22,789.35,924.17,943.69,1762.26,432.57,1441.73,582.39,322.42,889.90,992.68,1023.11,982.21,714.94,329.25
1965,697.66,1259.12,482.05,438.03,1058.50,608.44,526.16,766.64,764.24,770.64,1437.73,1229.81,2293.83,442.54,1052.37,1010.06,1029.90,829.41,1053.19,1193.13,832.75,801.88,737.95,878.12,833.29,1115.38,1075.66,434.15,734.53,337.24,832.99,767.90,383.76,835.73,1124.64,524.76,930.23,757.68,570.02,855.00,692.48,1234.02,522.91,1154.54,681.99,421.22,886.23,834.83,849.59,891.29,941.02,373.41
1966,628.66,1400.03,413.62,283.04,1101.66,478.14,325.89,943.12,975.38,970.49,1459.63,1372.15,1861.16,352.25,900.50,946.88,637.44,461.49,1142.46,1498.34,994.86,965.19,952.07,749.02,626.57,1363.77,851.43,337.33,480.51,176.55,1001.22,1024.50,311.62,883.11,1201.34,410.55,908.87,622.00,611.14,914.44,929.09,1230.70,452.48,1213.69,655.46,263.88,946.05,1025.46,953.34,973.54,664.92,279.22
1967,685.76,1397.76,493.19,344.23,1141.25,624.79,419.30,1191.25,1159.53,956.03,1216.67,1240.34,2554.96,466.48,1023.69,996.11,765.85,744.88,1180.77,1379.43,1092.55,1052.01,1192.32,846.77,531.96,1295.01,1053.73,421.08,549.18,292.50,1076.78,1152.55,321.44,984.62,1225.05,372.19,912.14,799.77,548.87,1056.43,1232.51,1174.74,435.71,1326.20,634.29,351.01,1033.86,1019.96,936.48,1114.69,755.52,412.84
1968,685.08,1146.54,362.16,263.94,1444.68,527.86,349.61,1063.04,859.16,948.33,1372.05,1048.76,2591.42,524.06,909.07,1067.83,837.28,696.33,1098.29,1405.22,977.47,925.25,1108.37,879.02,821.48,1388.51,1006.03,436.77,565.65,260.43,1134.38,1004.23,327.27,1000.83,1054.50,473.14,970.51,971.09,720.08,955.79,1091.16,1111.82,523.02,1142.69,828.46,338.75,1067.01,892.53,1132.75,980.38,910.47,366.61
1969,690.93,1353.90,349.83,304.04,1155.68,806.05,497.84,1206.23,1155.54,1054.77,1597.35,1253.14,2305.74,425.44,1035.42,1040.71,882.39,766.06,1077.59,1274.63,1269.99,1046.35,1248.15,776.73,647.09,1274.53,1098.90,379.05,559.79,325.14,1278.39,1170.00,420.96,973.96,1255.98,431.09,920.80,847.35,653.81,947.08,1232.82,1238.50,443.06,1254.27,736.42,367.03,1155.97,1038.72,863.04,982.92,714.29,303.76
1970,677.69,1382.53,430.56,275.63,1228.71,706.23,386.22,1025.75,972.93,1013.06,1410.64,1234.41,2144.66,576.46,1063.06,965.72,850.77,606.30,1197.53,1316.93,1057.07,1030.28,1070.65,830.48,677.76,1346.81,1066.07,428.58,473.99,277.22,1028.91,1009.25,253.48,955.38,1070.70,491.38,961.00,747.85,748.28,1076.60,1106.45,1127.15,450.93,1244.24,598.45,341.00,973.73,939.50,962.54,1048.78,790.89,335.04
1971,692.45,1529.13,449.22,279.02,1115.03,444.56,389.12,1110.66,1316.46,1266.22,1298.90,1411.03,1929.45,528.05,820.70,941.74,755.07,703.64,1116.44,1369.47,989.48,1278.22,1023.73,748.64,736.58,1444.76,849.57,387.27,576.96,278.62,1041.23,1283.63,347.71,974.28,1391.40,518.75,846.26,850.59,758.97,1029.61,1025.59,1459.89,524.37,1249.94,694.55,343.44,1057.30,1200.88,1113.22,1082.51,772.48,393.84
1972,715.18,1447.88,401.34,302.80,1231.60,431.54,383.02,1510.59,1384.14,1407.43,1356.10,1292.32,1716.98,477.88,1040.70,1098.53,940.22,700.73,1384.68,1477.35,1290.76,1399.82,1508.89,884.53,691.84,1486.27,965.93,421.77,587.18,221.02,1325.26,1456.14,421.21,1245.39,1350.09,457.83,1090.38,750.72,666.93,1293.55,1618.02,1248.50,517.87,1545.98,666.92,317.79,1239.71,1389.48,1105.94,1387.74,891.63,363.19
1973,786.33,1716.92,401.83,265.47,1702.24,739.55,417.81,1316.06,1134.13,1068.95,1466.95,1451.05,1526.86,467.01,1211.48,1121.01,1086.55,997.70,1369.10,1830.34,1405.13,1122.19,1295.96,819.69,704.77,1812.73,1430.21,370.48,725.90,273.88,1365.12,1319.55,308.97,1089.03,1327.00,443.82,1062.72,1182.82,692.31,1128.09,1314.89,1389.55,458.62,1620.54,887.05,360.14,1342.50,1157.00,941.39,1184.48,867.18,404.65
1974,698.14,1516.19,408.08,273.80,1478.48,560.57,331.42,1148.05,1029.75,990.44,1299.89,1265.91,1989.26,410.42,1058.00,1063.25,801.77,626.45,1343.09,1667.81,1123.83,1032.66,1134.28,826.92,598.57,1746.57,1079.98,381.26,382.75,213.56,1183.99,1126.29,387.94,1032.76,1313.12,401.72,1024.02,993.70,648.50,1086.15,1094.53,1234.26,322.91,1534.84,807.19,247.10,1157.78,1073.64,1034.65,1167.96,718.55,267.59
1975,746.71,1846.51,427.45,247.57,1348.52,518.87,376.29,1442.69,1378.80,1326.68,1423.57,1545.33,1679.92,556.69,1046.28,1148.29,767.98,656.99,1436.74,1672.97,1074.75,1369.77,1428.97,916.82,697.92,1731.55,1045.26,542.10,517.98,268.69,1283.68,1480.51,327.09,1145.61,1440.84,526.82,1087.54,901.08,722.02,1253.20,1376.26,1470.17,463.78,1576.58,687.95,337.65,1189.37,1306.65,1156.65,1269.69,788.16,367.51
1976,612.08,1431.76,415.63,274.75,1031.28,359.10,319.45,1144.63,987.37,1047.60,1353.02,1397.11,1717.98,401.64,731.25,825.32,585.78,537.87,1031.64,1252.38,1333.38,1021.63,1090.22,703.31,405.73,1263.19,729.21,359.67,436.17,257.25,1231.77,1008.81,294.03,1180.25,1152.88,325.61,855.04,663.10,472.41,1032.97,1095.86,1299.46,310.64,1208.30,762.91,222.77,1323.19,1022.45,755.68,1036.87,524.31,309.09
1977,694.38,1461.60,437.97,262.90,1139.97,459.39,363.15,1373.84,1035.80,930.62,1208.82,1206.43,1493.77,461.04,1055.19,1056.73,951.27,803.31,1217.59,1481.83,1284.52,995.12,1372.07,853.25,847.28,1485.09,1100.57,397.52,706.48,236.85,1304.13,1226.69,331.81,1236.74,1205.67,535.99,988.10,785.80,650.68,1173.32,1357.07,1136.02,611.45,1386.02,576.39,275.90,1249.73,978.79,925.34,1026.76,856.73,341.40
1978,694.08,1244.67,433.22,471.56,1226.97,788.05,415.20,1146.32,1191.94,1062.94,1338.87,1081.54,2056.88,460.72,912.87,1001.63,867.57,617.47,1293.25,1271.56,964.71,1123.41,1053.63,788.23,667.55,1242.38,991.81,497.48,562.48,361.59,1026.03,1216.86,417.04,952.42,1231.74,459.24,959.44,711.04,588.41,1068.04,1173.82,1042.15,470.55,1269.72,652.43,407.82,1042.29,1131.31,842.81,1204.04,875.64,392.24
1979,752.99,1758.85,476.67,297.79,1523.68,647.47,424.83,1443.63,1437.85,1429.46,1548.04,1420.46,2261.74,398.46,968.04,1168.73,867.77,736.93,1524.90,1739.29,1307.25,1437.94,1380.43,827.23,699.92,1881.15,996.19,291.39,629.54,251.20,1251.98,1437.64,361.72,1060.64,1498.01,381.16,1118.78,867.90,666.06,1204.89,1425.02,1420.52,465.41,1664.36,765.40,274.32,1137.49,1376.65,874.63,1296.36,798.46,289.75
1980,657.39,1432.79,463.89,337.98,1006.92,608.41,398.54,954.86,974.29,847.24,1259.21,1195.64,2381.18,562.00,839.30,903.56,728.41,559.92,957.28,1464.88,991.69,931.56,886.25,803.31,557.96,1536.16,736.60,424.68,429.25,331.78,907.91,965.33,325.58,899.23,1123.56,418.39,996.53,662.14,685.30,948.25,925.14,1145.89,366.88,1140.71,618.30,417.08,907.73,907.93,1049.65,1122.28,818.54,341.75
1981,695.48,1175.01,492.32,297.35,1072.64,659.12,420.26,1031.60,936.62,843.78,1156.16,1067.16,1574.92,522.24,1067.10,1046.59,826.69,745.59,1093.41,1127.41,1290.69,927.26,1081.57,819.68,705.60,1080.01,1116.04,403.06,593.99,259.30,1225.87,989.59,392.13,1002.71,1017.57,422.42,999.92,872.94,790.00,1018.58,1021.14,1037.17,440.16,1155.61,799.27,369.26,1223.18,891.60,1025.34,1037.22,774.70,345.69
1982,780.89,1563.35,479.05,407.85,1443.31,835.00,459.30,1128.32,1028.69,1000.05,1633.94,1348.16,2938.85,603.63,1196.42,1146.62,1044.88,724.49,1282.69,1627.79,993.55,1013.81,1146.98,887.68,743.36,1691.98,1278.93,479.88,704.14,353.58,1050.26,1019.58,378.98,933.98,1350.97,541.92,972.26,909.38,762.73,984.80,1192.39,1283.00,625.20,1451.05,665.49,428.91,981.36,1141.31,1092.62,1103.17,907.20,427.71
1983,787.70,1794.63,401.00,458.98,1179.38,1124.15,489.38,1574.88,1377.40,1349.13,1694.11,1431.48,1436.60,637.79,1058.29,1046.51,909.37,692.21,1200.27,1716.05,1434.06,1345.26,1503.55,893.47,748.39,1866.68,1035.42,366.80,628.51,445.99,1522.30,1500.14,362.63,1143.46,1345.71,396.03,1013.89,852.39,933.94,1200.15,1579.65,1334.94,469.25,1415.63,651.15,510.44,1448.38,1171.90,1210.94,1117.19,869.08,408.78
1984,712.91,1277.51,420.88,399.82,1493.16,473.18,450.36,1269.87,1132.55,1096.33,1257.52,1220.57,1389.19,507.59,1043.28,1047.05,926.22,738.77,1287.30,1456.30,1130.26,1139.29,1277.70,820.43,721.42,1388.96,1154.46,327.55,643.15,309.26,1229.78,1233.99,458.30,1055.64,1269.87,414.35,928.33,846.97,748.79,1158.45,1272.71,1218.34,537.87,1424.59,670.31,395.97,1131.42,1145.88,1077.44,1148.93,869.62,331.76
1985,702.32,1284.90,501.75,342.42,1227.33,389.54,456.37,1075.05,1013.20,1026.53,1328.23,1207.37,1913.36,382.38,1150.04,1165.21,795.16,821.60,1102.57,1535.66,921.38,1023.78,1017.34,990.61,774.53,1336.57,1319.58,369.50,565.09,235.93,991.31,993.64,434.84,964.27,1187.06,451.84,1005.98,1078.52,459.69,1024.90,1096.52,1223.00,471.17,1097.49,763.62,364.29,1001.08,1079.54,686.16,1109.62,904.71,299.40
1986,725.25,1214.19,473.53,345.54,1146.77,607.82,461.83,1187.36,953.16,912.35,1357.18,1112.94,2167.25,478.91,952.50,1008.80,1009.33,809.07,1070.48,1341.20,1086.82,948.08,1221.82,851.94,798.09,1249.54,1087.07,444.31,662.51,220.77,1200.31,1145.57,525.86,1116.78,970.54,557.39,997.10,1023.50,665.79,1083.42,1227.75,1019.03,618.18,1158.60,836.81,373.35,1211.00,871.14,979.85,1079.04,884.16,376.19
1987,676.96,1247.30,455.53,344.50,1311.05,529.93,441.31,1105.53,908.81,993.94,1326.11,1132.04,2162.30,381.95,878.44,882.56,818.73,816.92,944.90,1479.44,978.54,968.03,1132.61,780.37,570.06,1334.81,1009.30,363.63,642.15,307.77,1097.49,1155.76,386.53,981.46,1217.23,406.48,808.68,1043.42,558.55,1002.60,1108.96,1208.78,426.26,1077.12,761.68,365.41,1044.82,1091.18,797.23,967.45,700.25,340.74
1988,609.74,1301.21,462.22,293.21,1134.38,455.48,378.62,1085.09,990.74,954.87,1325.77,1149.27,1799.51,372.52,768.82,860.63,543.76,515.31,1064.81,1441.85,997.77,964.08,1052.59,824.86,571.60,1332.75,857.97,291.93,490.82,241.19,1040.59,1041.86,416.67,873.23,1023.17,305.03,820.35,740.93,580.94,908.81,1113.50,1006.99,373.33,1150.86,549.27,279.55,946.29,886.30,900.52,905.82,638.19,237.49
1989,688.92,1681.06,512.52,194.21,1324.96,380.58,340.09,1442.18,1406.59,1291.46,1242.77,1415.63,2632.39,401.64,833.48,1119.75,639.12,668.54,1421.48,1617.63,1079.23,1312.08,1290.14,715.98,581.37,1651.71,844.00,452.85,439.32,199.20,1184.72,1392.82,281.61,1075.73,1561.53,374.08,1081.01,915.92,533.62,1124.97,1412.91,1408.39,396.21,1647.64,634.13,217.10,1152.34,1332.54,854.23,1369.99,607.52,316.93
1990,748.55,1455.36,529.34,347.79,1626.38,368.71,474.46,1346.61,1115.16,1141.53,1080.24,1158.19,2346.68,434.10,1278.38,1348.48,954.57,700.28,1392.44,1500.38,1330.61,1150.63,1281.70,938.98,671.35,1555.48,1275.80,331.02,543.62,241.23,1363.45,1257.11,403.10,1245.17,1217.02,368.46,1281.04,1067.34,590.21,1232.35,1221.85,1179.89,444.70,1494.75,789.36,284.84,1389.64,1133.66,1153.71,1252.80,892.33,324.75
1991,737.23,1588.31,454.55,327.01,1455.96,513.20,427.02,1167.16,1000.02,861.47,1542.22,1424.82,2052.15,430.27,920.11,918.61,966.86,597.29,1157.86,1897.23,1147.43,912.12,1189.24,892.70,812.09,1806.90,975.93,422.19,555.99,244.22,1164.76,1054.62,467.43,927.54,1226.59,490.91,794.21,970.52,601.44,854.66,1177.77,1328.68,546.72,1473.26,910.05,336.62,1057.62,994.49,908.83,1018.48,940.07,396.26
1992,726.79,1519.74,475.23,449.36,1188.56,650.10,426.23,1145.63,1030.52,1086.37,1449.67,1481.73,2125.22,367.75,904.55,1013.24,913.52,825.87,1072.22,1680.44,975.37,1056.42,1109.38,876.24,653.28,1434.02,1037.95,387.05,612.37,245.74,1024.43,1054.92,381.96,1063.50,1307.18,382.63,1010.88,1052.86,556.79,1049.24,1169.23,1392.55,497.22,1242.29,849.58,315.98,1003.19,1096.31,862.26,1053.38,766.41,337.45
1993,749.99,1291.05,498.22,360.31,1290.55,703.97,466.33,1136.67,1095.67,1156.12,1290.50,1164.34,1492.43,490.64,1285.98,1236.41,1172.57,924.09,1166.03,1487.11,1134.37,1172.19,1133.85,837.75,786.78,1382.85,1348.67,491.38,765.63,272.86,1077.00,1161.83,352.00,1038.52,1143.63,515.27,991.88,1002.64,639.01,1128.74,1112.21,1114.50,603.53,1183.49,695.41,395.17,1069.97,1117.25,780.85,1089.07,898.11,433.57
1994,707.59,1585.42,491.31,300.40,1343.98,473.83,386.96,1233.76,1174.20,1150.56,1631.37,1504.37,1965.63,404.69,908.56,913.16,750.64,634.59,1231.97,1493.52,1084.87,1177.47,1223.98,803.20,717.21,1519.06,1029.47,341.09,523.29,239.75,1150.41,1225.07,369.36,1064.88,1249.33,488.66,921.03,898.16,570.47,1195.60,1204.08,1433.61,460.30,1553.87,695.08,317.05,1096.63,1137.69,939.41,1258.75,751.07,300.42
1995,728.91,1498.29,401.22,287.10,1077.22,847.45,461.97,1034.03,999.48,1017.48,1505.49,1258.31,1314.14,611.02,968.32,982.76,811.29,746.49,1237.04,1573.66,1069.88,1032.28,1046.20,812.00,754.63,1456.37,1032.81,469.92,599.72,333.03,1089.37,1019.77,298.74,923.95,1341.99,534.27,985.94,962.75,848.63,946.35,1026.01,1368.89,626.07,1324.86,663.11,370.26,1060.30,1099.62,1160.47,1083.75,801.27,431.87
1996,751.05,1490.24,408.35,225.28,1289.95,806.16,441.71,1566.76,1456.65,1442.86,1327.70,1230.75,2091.53,598.48,983.32,1223.45,823.20,800.68,1408.75,1374.37,1310.06,1494.29,1491.45,865.30,695.05,1390.80,1080.28,409.01,633.58,305.43,1422.91,1511.42,346.56,1249.17,1385.00,476.84,1183.73,919.29,994.57,1417.99,1470.09,1144.36,522.94,1475.84,617.77,343.89,1349.56,1406.81,1271.22,1455.64,796.00,357.19
1997,721.06,1617.02,408.62,302.46,1322.19,545.60,515.25,1050.71,1008.01,933.74,1479.10,1400.65,2093.85,506.45,872.04,1016.48,739.51,778.02,1235.07,1622.31,1014.71,980.55,1004.81,762.67,635.93,1642.00,988.95,407.40,542.24,272.66,1064.61,1074.74,463.32,960.45,1166.79,411.65,966.92,987.05,663.67,961.37,1022.14,1366.87,522.87,1445.21,827.44,415.30,1062.34,990.72,1157.24,1052.77,711.02,424.15
1998,765.98,1448.40,465.30,353.41,1205.49,899.99,435.08,1237.16,1028.84,1001.01,1427.19,1289.31,1072.84,578.75,1133.80,1145.58,1021.60,816.15,1257.75,1545.45,1175.97,1054.65,1317.66,765.56,744.86,1418.94,1219.58,447.17,641.97,413.82,1235.10,1081.36,359.36,1036.09,1338.06,565.22,1012.23,887.40,849.26,1026.58,1412.25,1366.44,594.54,1385.45,685.20,419.61,1209.82,1139.36,1129.42,1154.67,801.60,441.76
1999,660.31,1253.19,459.67,268.46,1127.58,452.91,441.62,1206.77,1151.93,1055.94,1239.31,1052.38,1526.58,435.54,897.81,900.14,810.20,788.94,976.58,1209.34,1169.25,1102.69,1153.82,805.03,763.43,1238.78,954.83,373.87,584.60,201.42,1149.42,1196.48,386.44,967.49,1212.36,509.28,849.52,940.30,636.33,1022.19,1143.03,1108.35,529.23,1167.36,557.78,301.87,1079.44,1037.64,1088.83,971.46,827.78,346.82
2000,663.97,1127.34,470.07,267.66,1104.13,581.38,384.30,1288.14,1136.30,1027.64,1101.32,1031.34,1518.61,431.65,992.02,1104.95,772.16,660.52,1144.88,1179.36,1141.77,1087.80,1284.01,870.62,721.53,1142.14,901.10,334.39,502.94,276.36,1253.79,1196.39,342.58,1165.90,1133.31,523.58,1024.96,924.64,601.62,1054.66,1258.60,1048.30,460.02,1137.49,680.74,326.36,1246.94,1011.73,819.78,1061.25,858.68,307.06
2001,675.95,1493.58,441.86,272.93,1399.87,640.45,396.17,1009.82,957.06,929.47,1345.45,1074.22,1440.06,381.36,1019.55,1124.68,894.09,706.55,1151.24,1662.37,813.91,940.99,995.54,892.37,718.87,1654.49,1100.19,321.90,605.15,226.63,902.84,915.92,299.86,870.44,967.44,463.19,959.88,818.15,548.35,885.30,1084.50,890.08,498.35,1361.92,714.75,292.27,894.32,878.31,907.44,989.96,851.77,270.42
2002,671.86,1479.74,440.15,165.15,1338.94,477.80,265.65,1201.36,1124.85,1008.55,1464.12,1237.55,1743.41,363.92,1001.37,1074.07,725.61,578.26,1344.25,1620.73,1133.30,1084.75,1212.07,815.49,708.13,1652.53,996.77,364.58,391.75,162.69,1214.93,1185.13,312.68,1113.14,1220.20,395.22,968.79,880.43,535.90,1094.90,1199.73,1182.50,363.29,1471.37,747.45,221.75,1207.26,1091.64,820.73,1194.70,874.32,272.13
2003,701.08,1634.83,466.48,267.19,1098.64,575.96,364.70,1404.62,1480.62,1545.35,1528.74,1442.56,1586.11,441.45,939.80,1153.50,727.89,662.11,1368.52,1334.79,1175.38,1532.99,1372.11,777.59,554.28,1445.02,994.90,346.73,510.95,264.79,1277.77,1470.60,238.13,1196.14,1571.81,397.23,1165.77,708.62,656.21,1365.68,1356.04,1397.49,412.28,1509.42,577.68,285.88,1308.47,1535.55,977.11,1485.14,685.21,325.09
2004,753.12,1486.94,454.60,315.99,1414.56,615.99,442.46,1240.26,1173.07,1101.34,1440.93,1203.41,2290.87,459.30,1005.90,1110.65,900.34,787.03,1367.91,1794.53,980.27,1176.86,1199.10,870.45,753.13,1655.79,1135.74,361.33,569.01,282.62,1100.85,1293.34,403.87,1135.52,1228.87,491.95,1164.68,1019.53,596.22,1331.02,1189.77,1118.53,507.97,1503.46,932.49,344.48,1102.90,1181.29,873.16,1331.57,833.55,328.53
2005,695.49,1436.83,477.08,307.20,912.43,762.09,445.79,1241.06,1139.34,1100.34,1541.02,1308.86,1886.73,498.86,808.91,1028.51,791.24,728.32,1030.98,1148.87,1513.41,1111.54,1320.58,768.99,793.01,1272.68,908.52,430.21,572.95,329.29,1421.11,1176.93,357.03,1136.95,1185.80,539.20,971.23,718.87,663.57,1084.88,1320.88,1179.40,505.41,1121.51,553.76,392.02,1353.16,1015.91,913.03,1066.09,718.65,384.43
2006,686.89,1185.28,458.36,243.93,1268.85,604.00,429.93,1321.64,1165.87,1119.78,1114.27,952.75,1850.50,506.30,1028.96,1305.51,804.09,632.51,1323.21,1350.30,1361.21,1124.20,1374.03,925.43,579.32,1325.11,975.32,373.71,526.50,237.30,1457.18,1336.75,402.67,1221.93,1300.62,359.81,1092.63,753.75,744.94,1196.17,1344.77,1118.23,379.92,1256.17,612.75,342.31,1411.07,1154.99,1150.70,1078.82,752.90,274.84
2007,664.30,964.59,442.11,254.04,1131.80,361.29,420.50,1166.83,949.40,829.80,1152.85,939.21,1326.79,367.51,926.43,1068.73,1034.29,844.23,1060.02,1290.90,1224.69,920.74,1139.88,803.12,746.15,1051.85,994.58,377.22,687.65,180.74,1223.42,1217.37,353.55,1106.50,898.84,487.51,1051.45,1085.29,568.56,1090.60,1093.99,861.26,559.48,971.61,844.35,279.25,1224.74,897.29,926.61,1072.20,807.71,328.84
2008,709.48,1345.93,459.47,285.43,1439.64,447.72,388.89,1398.51,1052.08,1074.53,1372.34,1152.63,1716.52,410.74,1260.87,1250.13,1040.11,837.88,1199.31,1392.57,1472.44,1116.54,1496.84,910.90,697.24,1463.51,1384.81,401.15,685.57,194.73,1539.29,1194.03,337.52,1205.90,1173.02,491.33,1134.93,944.25,541.78,1162.12,1460.06,1156.48,562.04,1211.73,577.49,271.12,1391.87,1018.93,840.39,1154.59,801.62,351.88
2009,728.01,1787.16,425.57,169.51,1660.15,425.63,416.18,1271.31,1388.51,1292.23,1394.51,1504.63,1742.11,451.80,1250.31,1180.47,977.60,786.53,1348.47,1508.63,1346.46,1299.84,1310.75,857.82,657.54,1669.37,1284.57,365.41,624.84,231.78,1335.15,1315.96,303.04,1056.43,1330.19,499.72,941.10,957.49,547.32,1080.46,1341.73,1320.41,549.20,1555.34,704.89,263.71,1176.37,1267.02,916.10,1181.32,756.76,380.41
2010,707.51,1229.76,433.86,331.20,958.06,742.42,414.13,1215.29,1095.48,1023.40,1214.13,1090.40,1109.04,537.30,1021.18,932.09,1069.81,714.23,1017.68,1104.62,1300.18,1059.62,1170.02,817.80,849.29,1090.58,1105.28,473.63,655.26,321.70,1235.18,1127.99,358.98,1093.54,1170.86,596.95,936.25,806.51,777.56,1052.79,1205.75,1030.37,609.67,1204.19,678.16,389.36,1226.68,1023.82,1100.08,1043.81,952.34,378.10
2011,707.37,1362.37,467.37,275.44,1272.66,489.67,414.06,1573.37,1271.66,1124.50,1374.31,1105.32,1715.39,471.04,1133.86,1397.35,829.66,616.62,1641.57,1200.35,1352.02,1225.20,1559.73,970.69,675.28,1359.41,1077.06,444.45,626.43,283.73,1541.55,1481.76,233.68,1357.96,1177.38,565.11,1321.42,732.76,637.87,1320.39,1564.15,1049.87,556.19,1587.99,453.28,373.86,1523.37,1112.29,971.85,1323.55,810.99,398.65
2012,658.57,1378.16,489.79,246.89,1062.83,615.98,254.10,1151.54,1077.88,1000.26,1522.78,1108.17,1360.95,460.74,815.30,921.70,656.67,522.67,1170.24,1561.73,1112.49,1043.91,1130.46,783.87,638.23,1415.91,792.70,349.24,396.50,268.69,1125.53,1163.19,232.74,1024.42,1140.68,404.27,915.53,718.30,808.24,1038.79,1140.72,1079.85,369.65,1241.50,685.02,293.55,1107.88,993.38,1140.68,1051.31,748.19,220.31
2013,745.48,1770.84,490.54,302.43,1383.75,217.40,428.27,1238.90,1214.12,1197.81,1593.39,1619.44,1588.09,380.53,1135.85,1201.08,869.65,749.40,1487.43,1565.44,1301.16,1214.96,1221.53,989.65,796.26,1645.50,1105.06,435.93,615.02,196.76,1280.72,1272.41,316.04,1170.83,1442.36,639.11,1097.90,1015.55,440.10,1218.04,1204.42,1513.91,602.05,1696.22,691.27,325.96,1254.34,1222.97,770.53,1267.04,928.67,372.63
2014,720.92,1426.70,473.60,236.48,1144.01,523.14,459.53,1350.89,1165.34,1107.82,1557.54,1309.70,1920.17,529.27,1112.79,1117.23,995.17,691.50,1314.15,1295.53,1286.77,1147.26,1318.05,925.80,798.63,1381.16,1093.60,424.78,661.06,245.48,1290.13,1284.03,356.51,1113.08,1337.16,471.57,1030.20,750.90,715.24,1139.93,1361.10,1262.78,532.63,1384.40,572.62,334.63,1233.54,1163.35,1054.61,1202.92,919.18,382.60
2015,806.40,1686.32,488.49,386.60,1605.65,414.75,531.98,1139.21,1209.27,1201.55,1562.87,1452.29,1654.87,443.65,1211.66,1230.16,1033.97,884.90,1478.46,1805.58,1105.72,1212.50,1110.03,823.77,800.21,1663.94,1316.08,381.35,711.71,288.77,1126.17,1233.40,518.47,1065.28,1458.61,499.82,1094.64,1159.52,637.12,1144.74,1118.29,1410.56,619.44,1590.37,976.38,382.98,1116.81,1238.38,989.96,1267.30,879.87,390.91
2016,728.29,1271.12,467.84,277.82,1132.95,637.88,435.69,1033.54,1060.13,1055.56,1423.14,1069.09,1802.89,457.18,1081.18,1101.66,978.17,802.38,1219.18,1482.68,1121.63,1059.64,1002.32,925.22,845.00,1395.39,1085.95,420.62,664.35,278.01,987.67,1090.42,335.28,927.62,1286.94,554.18,996.62,831.29,749.92,1001.57,1030.36,1144.68,546.30,1206.10,813.27,333.23,949.62,1094.54,1103.25,1091.12,958.72,372.08
2017,755.19,1700.42,485.70,225.34,1238.17,665.46,416.02,1289.60,1161.06,1069.28,1645.58,1449.72,1801.21,565.05,992.43,1171.54,888.67,831.50,1380.31,1530.09,1231.20,1131.70,1280.55,969.30,714.86,1607.92,1060.64,398.52,668.38,270.35,1286.10,1276.70,365.08,1211.94,1308.39,402.87,1170.05,907.89,766.37,1225.17,1280.36,1345.53,453.36,1493.99,669.43,298.55,1253.55,1092.53,1174.94,1206.67,887.62,352.45
2018,804.40,1718.65,485.51,279.42,1535.85,504.09,387.81,1605.70,1622.70,1607.95,1592.56,1543.64,2071.95,473.33,1212.69,1333.22,1040.45,763.97,1676.51,1712.59,1274.07,1622.50,1539.78,1015.42,756.01,1680.94,1121.71,432.49,723.07,253.73,1445.81,1691.73,344.57,1287.17,1718.97,509.58,1320.68,978.33,557.46,1459.56,1613.91,1523.62,606.60,1741.57,762.40,292.41,1383.24,1582.98,910.29,1648.67,1028.13,377.37
2019,814.96,1490.77,507.27,315.13,1562.23,741.23,458.05,1413.86,1172.49,1108.93,1576.96,1298.26,1572.94,505.73,1328.65,1292.98,1138.39,899.29,1543.55,1549.05,1273.33,1163.91,1405.32,1095.79,961.80,1602.29,1333.93,462.04,801.17,341.74,1388.23,1293.00,332.56,1197.89,1318.11,700.22,1162.16,1106.86,619.48,1205.32,1424.75,1278.84,746.42,1637.68,694.71,386.43,1333.84,1154.16,810.17,1268.63,1152.10,427.65
2020,717.58,1704.41,469.34,187.91,1522.14,329.87,269.80,1220.01,1441.14,1478.40,1584.38,1597.56,1828.46,481.56,1156.80,1187.70,848.48,668.27,1467.04,1648.17,1060.50,1448.81,1156.56,958.06,647.89,1607.72,1149.45,369.43,495.09,183.90,1112.96,1406.25,208.98,1048.49,1703.52,363.32,1109.03,946.53,609.88,1221.17,1201.75,1561.84,397.88,1657.72,621.90,217.77,1071.29,1498.28,986.96,1447.06,890.09,243.60
